ratings,Amazon Instant Video,Clothing Shoes and Jewelry,Digital Music,Electronics,Home and Kitchen,Video Games
1,0.06299524089236265,0.06897347675737356,0.035870555952947705,0.11524916281997964,0.09835173437431681,0.11537245056248221
2,0.04023578047481475,0.06153625376592473,0.02361825154364921,0.05831977120018936,0.05689990846103106,0.05851128474515627
3,0.07031971133674582,0.09994868601406873,0.049454190520163734,0.0809092538010823,0.0811236490714695,0.093881651900392
4,0.17048702505253172,0.1949206111756643,0.14650492939045892,0.18988873640453133,0.17416005826147424,0.1964592644817562
5,0.655962242243545,0.5746209722869687,0.7445520725927804,0.5556330757742174,0.5894646498317084,0.5357753483102133
